Source,MAE,MAE_std,RMSE,RMSE_std,MAPE,MAPE_std
train_1000_test_50_horizon_10_results_weather,1.0960281241463412,0.73581409731196,1.2538910185010959,0.7921537845294918,0.11148370095724834,0.08603696720654065
