Source,MAE,MAE_std,RMSE,RMSE_std,MAPE,MAPE_std
train_1000_test_50_horizon_10_results_climate,0.13759272511646337,0.05280074327873092,0.16845420692397087,0.058521216447593116,1.1056492974933232,0.5216122136009825
