Source,MAE,MAE_std,RMSE,RMSE_std,MAPE,MAPE_std
train_100_test_250_horizon_50_results_climate,0.14790207960106852,0.024925062486243623,0.1783412533992487,0.03209922147612765,1.6606181770469004,0.701539071972343
