Source,MAE,MAE_std,RMSE,RMSE_std,MAPE,MAPE_std
train_100_test_250_horizon_50_modeltype_timegpt-1-long-horizon_climate_results,0.23609115514000223,0.11854974707530919,0.2752842983640975,0.12304651743246409,6.940539763616247,6.817675346973503
