Source,MAE,MAE_std,RMSE,RMSE_std,MAPE,MAPE_std
train_100_test_50_horizon_10_results_climate,0.11558927651951215,0.02558621770031213,0.132742284671154,0.028977712689799463,2.540227956572201,1.900929587165267
