Source,MAE,MAE_std,RMSE,RMSE_std,MAPE,MAPE_std
train_1000_test_250_horizon_50_results_climate,0.1537757309173324,0.05021116103956666,0.18863073596976832,0.05454427778862418,2.1762596460740506,1.0230238477348328
