Source,MAE,MAE_std,RMSE,RMSE_std,MAPE,MAPE_std
train_1000_test_250_horizon_50_modeltype_timegpt-1-long-horizon_climate_results,0.17621328426847113,0.06919897352051681,0.21135644322588185,0.07447464765760693,4.603397960902067,4.301147896368296
