Source,MAE,MAE_std,RMSE,RMSE_std,MAPE,MAPE_std,MASE,MASE_std
train_1000_test_50_horizon_10_modeltype_timegpt-1_climate_results,0.15312565850952642,0.06475823946161349,0.1813981509152398,0.06547293768227398,2.1284798590933596,1.9378489336454998,67.5692164160858,64.24339082759332
