Source,MAE,MAE_std,RMSE,RMSE_std,MAPE,MAPE_std
train_1008_test_250_horizon_50_weather__WITH_FINETUNING_results_weather,2.7399157544617627,1.2359550716466712,3.2426170004635355,1.2720342826217268,177630821681101.4,250457559101992.56
