Source,MAE,MAE_std,RMSE,RMSE_std,MAPE,MAPE_std
train_100_test_50_horizon_10_modeltype_timegpt-1_climate_results,0.15473077242480862,0.05809864837715614,0.17908529684448832,0.059714454645174574,6.683604327376271,7.499620334023141
