Source,MAE,MAE_std,RMSE,RMSE_std,MAPE,MAPE_std
train_100_test_250_horizon_50_weather_results_weather,1.8917546035780837,1.2453545324308446,2.2468820445230784,1.3569452710967944,66806800018474.03,130283723681670.95
