Source,MAE,MAE_std,RMSE,RMSE_std,MAPE,MAPE_std
train_1000_test_250_horizon_50_weather_results_weather,2.250377663096385,0.9040138987814843,2.70490976450899,0.9919087260075785,167405242867024.16,240062409587577.66
