Source,MAE,MAE_std,RMSE,RMSE_std,MAPE,MAPE_std
weather_datatrain_1008_test_250_horizon_50_weather__WITH_FINETUNING_results_weather,2.3421712934377776,0.9886248217610851,2.808237477528339,1.0605067215371944,181903690195123.62,244495912035955.47
