MSE,abs_error,abs_target_sum,abs_target_mean,seasonal_error,MASE,MAPE,sMAPE,MSIS,num_masked_target_values,QuantileLoss[0.1],Coverage[0.1],QuantileLoss[0.2],Coverage[0.2],QuantileLoss[0.3],Coverage[0.3],QuantileLoss[0.4],Coverage[0.4],QuantileLoss[0.5],Coverage[0.5],QuantileLoss[0.6],Coverage[0.6],QuantileLoss[0.7],Coverage[0.7],QuantileLoss[0.8],Coverage[0.8],QuantileLoss[0.9],Coverage[0.9],RMSE,NRMSE,ND,wQuantileLoss[0.1],wQuantileLoss[0.2],wQuantileLoss[0.3],wQuantileLoss[0.4],wQuantileLoss[0.5],wQuantileLoss[0.6],wQuantileLoss[0.7],wQuantileLoss[0.8],wQuantileLoss[0.9],mean_absolute_QuantileLoss,mean_wQuantileLoss,MAE_Coverage,OWA,context_length,rope_scaling,dataset,train_size,test_size,forecast_horizon
1.2888053894042968,58.834190368652344,443.4000244140625,8.86800048828125,1.8546436548747975,0.6344527717118154,0.13728974342346192,0.151869478225708,12.355794409828004,0.0,48.51246585845947,0.0,71.51999435424804,0.0,80.42677445411681,0.0,73.36594314575197,0.04,58.834189891815186,0.18,49.85771217346191,0.42,51.28708820343019,0.64,56.290835762023924,0.92,53.694814968109114,0.98,1.1352556493602208,0.12801709369100972,0.13268873957866748,0.10941015603814408,0.16129903115986335,0.1813864908113119,0.16546219915685048,0.13268873850325671,0.11244408982463887,0.1156677613430542,0.12695271236489056,0.12109790710784223,60.421090979046284,0.13626767625665026,0.48000000000000004,,512,False,weather,large,large,50
