MSE,abs_error,abs_target_sum,abs_target_mean,seasonal_error,MASE,MAPE,sMAPE,MSIS,num_masked_target_values,QuantileLoss[0.1],Coverage[0.1],QuantileLoss[0.2],Coverage[0.2],QuantileLoss[0.3],Coverage[0.3],QuantileLoss[0.4],Coverage[0.4],QuantileLoss[0.5],Coverage[0.5],QuantileLoss[0.6],Coverage[0.6],QuantileLoss[0.7],Coverage[0.7],QuantileLoss[0.8],Coverage[0.8],QuantileLoss[0.9],Coverage[0.9],RMSE,NRMSE,ND,wQuantileLoss[0.1],wQuantileLoss[0.2],wQuantileLoss[0.3],wQuantileLoss[0.4],wQuantileLoss[0.5],wQuantileLoss[0.6],wQuantileLoss[0.7],wQuantileLoss[0.8],wQuantileLoss[0.9],mean_absolute_QuantileLoss,mean_wQuantileLoss,MAE_Coverage,OWA,context_length,rope_scaling,dataset,train_size,test_size,forecast_horizon
0.16586697101593018,3.993746280670166,4.846297740936279,0.48462977409362795,0.17811612556317102,2.2422148853971877,0.8515339851379394,1.4997636795043945,10.698335097929155,0.0,1.2855247914791108,0.0,2.2460188746452334,0.0,2.9988329887390135,0.0,3.629482674598694,0.0,3.9937461018562317,0.0,4.2294161975383755,0.0,4.130604335665702,0.1,3.5409702301025394,0.1,2.512134480476379,0.2,0.4072676896292292,0.8403686925569439,0.8240819062632737,0.26525914423713354,0.4634504511914933,0.618788433778659,0.748918632039619,0.8240818693662558,0.8727107626534878,0.8523216187843405,0.7306547016689161,0.5183615647995758,3.1740811861223643,0.6549496865021645,0.32222222222222224,,64,False,climate,large,small,10
