MSE,abs_error,abs_target_sum,abs_target_mean,seasonal_error,MASE,MAPE,sMAPE,MSIS,num_masked_target_values,QuantileLoss[0.1],Coverage[0.1],QuantileLoss[0.2],Coverage[0.2],QuantileLoss[0.3],Coverage[0.3],QuantileLoss[0.4],Coverage[0.4],QuantileLoss[0.5],Coverage[0.5],QuantileLoss[0.6],Coverage[0.6],QuantileLoss[0.7],Coverage[0.7],QuantileLoss[0.8],Coverage[0.8],QuantileLoss[0.9],Coverage[0.9],RMSE,NRMSE,ND,wQuantileLoss[0.1],wQuantileLoss[0.2],wQuantileLoss[0.3],wQuantileLoss[0.4],wQuantileLoss[0.5],wQuantileLoss[0.6],wQuantileLoss[0.7],wQuantileLoss[0.8],wQuantileLoss[0.9],mean_absolute_QuantileLoss,mean_wQuantileLoss,MAE_Coverage,OWA,context_length,rope_scaling,dataset,train_size,test_size,forecast_horizon
4.288786926269531,111.27468872070312,443.4000244140625,8.86800048828125,1.8546436548747975,1.1999576137251553,0.2736537933349609,0.23397623062133788,15.384287181245552,0.0,58.72733693122864,0.08,63.46300277709962,0.18,77.81172885894776,0.52,98.2566219329834,0.72,111.27469062805176,0.8,110.83792152404786,0.9,100.6485414505005,0.98,85.51131629943846,1.0,57.927244377136226,1.0,2.0709386582585037,0.23352938026956313,0.2509577866346505,0.1324477530393345,0.14312809941984947,0.1754887789232155,0.2215981428120715,0.25095779093629356,0.24997274564997207,0.22699263849501136,0.19285365717432842,0.13064330443753366,84.93982275327046,0.19156476787640112,0.5,,64,False,weather,large,large,50
