MSE,abs_error,abs_target_sum,abs_target_mean,seasonal_error,MASE,MAPE,sMAPE,MSIS,num_masked_target_values,QuantileLoss[0.1],Coverage[0.1],QuantileLoss[0.2],Coverage[0.2],QuantileLoss[0.3],Coverage[0.3],QuantileLoss[0.4],Coverage[0.4],QuantileLoss[0.5],Coverage[0.5],QuantileLoss[0.6],Coverage[0.6],QuantileLoss[0.7],Coverage[0.7],QuantileLoss[0.8],Coverage[0.8],QuantileLoss[0.9],Coverage[0.9],RMSE,NRMSE,ND,wQuantileLoss[0.1],wQuantileLoss[0.2],wQuantileLoss[0.3],wQuantileLoss[0.4],wQuantileLoss[0.5],wQuantileLoss[0.6],wQuantileLoss[0.7],wQuantileLoss[0.8],wQuantileLoss[0.9],mean_absolute_QuantileLoss,mean_wQuantileLoss,MAE_Coverage,OWA,context_length,rope_scaling,dataset,train_size,test_size,forecast_horizon
0.07592145442962646,10.880030632019043,10.978708267211914,0.2195741653442383,0.17788784132837487,1.22324612528575,1.3594076538085937,1.604771728515625,8.727093634187689,0.0,3.4792587429285056,0.08,6.565143954753876,0.26,8.861510770022868,0.32,10.204975132271647,0.38,10.880030730739236,0.38,11.016460329294205,0.5,10.6914952352643,0.62,9.806343698501587,0.66,7.228591984510421,0.68,0.2755384808509085,1.2548765945161713,0.9910119084330191,0.31690966352748134,0.5979887428433436,0.8071542256467374,0.929524210307051,0.9910119174249871,1.003438661558668,0.9738390869893702,0.8932147079441384,0.6584191699581567,8.748201175365182,0.7968333762444372,0.26,,512,False,climate,large,large,50
