MSE,abs_error,abs_target_sum,abs_target_mean,seasonal_error,MASE,MAPE,sMAPE,MSIS,num_masked_target_values,QuantileLoss[0.1],Coverage[0.1],QuantileLoss[0.2],Coverage[0.2],QuantileLoss[0.3],Coverage[0.3],QuantileLoss[0.4],Coverage[0.4],QuantileLoss[0.5],Coverage[0.5],QuantileLoss[0.6],Coverage[0.6],QuantileLoss[0.7],Coverage[0.7],QuantileLoss[0.8],Coverage[0.8],QuantileLoss[0.9],Coverage[0.9],RMSE,NRMSE,ND,wQuantileLoss[0.1],wQuantileLoss[0.2],wQuantileLoss[0.3],wQuantileLoss[0.4],wQuantileLoss[0.5],wQuantileLoss[0.6],wQuantileLoss[0.7],wQuantileLoss[0.8],wQuantileLoss[0.9],mean_absolute_QuantileLoss,mean_wQuantileLoss,MAE_Coverage,OWA,context_length,rope_scaling,dataset,train_size,test_size,forecast_horizon
8.428047485351563,123.05509948730469,443.4000244140625,8.86800048828125,1.8546436548747975,1.326994532495374,0.27847484588623045,0.2552093505859375,14.92884649669083,0.0,83.3429913520813,0.28,118.34857063293457,0.36,135.26272687911987,0.42,135.18764095306398,0.44,123.05509853363037,0.58,116.0022102355957,0.78,114.68922939300539,0.9,90.80059242248534,0.96,56.20035495758055,1.0,2.903109967836486,0.32736917095041246,0.27752614504231854,0.187963434287619,0.266911511313803,0.3050580050325094,0.30488866375618645,0.277526142891497,0.2616197651068886,0.2586585996348628,0.2047825607192402,0.12674865102194646,108.09882392883301,0.24379525930717255,0.5,,32,False,weather,large,large,50
