MSE,abs_error,abs_target_sum,abs_target_mean,seasonal_error,MASE,MAPE,sMAPE,MSIS,num_masked_target_values,QuantileLoss[0.1],Coverage[0.1],QuantileLoss[0.2],Coverage[0.2],QuantileLoss[0.3],Coverage[0.3],QuantileLoss[0.4],Coverage[0.4],QuantileLoss[0.5],Coverage[0.5],QuantileLoss[0.6],Coverage[0.6],QuantileLoss[0.7],Coverage[0.7],QuantileLoss[0.8],Coverage[0.8],QuantileLoss[0.9],Coverage[0.9],RMSE,NRMSE,ND,wQuantileLoss[0.1],wQuantileLoss[0.2],wQuantileLoss[0.3],wQuantileLoss[0.4],wQuantileLoss[0.5],wQuantileLoss[0.6],wQuantileLoss[0.7],wQuantileLoss[0.8],wQuantileLoss[0.9],mean_absolute_QuantileLoss,mean_wQuantileLoss,MAE_Coverage,OWA,context_length,rope_scaling,dataset,train_size,test_size,forecast_horizon
5.156412963867187,76.8283920288086,443.4000244140625,8.86800048828125,1.8546436548747975,0.8284976127556437,0.17179048538208008,0.17976390838623046,17.123357884577096,0.0,55.880368328094484,0.0,78.8228006362915,0.0,82.09941473007201,0.0,75.73057537078857,0.14,76.82838821411133,0.32,72.29659671783449,0.48,86.08907918930055,0.82,107.5678367614746,0.96,107.15233373641966,1.0,2.2707736487521575,0.2560637712811253,0.17327105953666694,0.12602698523063552,0.1777690489314994,0.1851587961425205,0.1707951538136784,0.17327105093338083,0.16305050233899263,0.1941566857220277,0.24259772403851737,0.24166064013644947,82.49637707604302,0.18605406525418908,0.5,,950,False,weather,large,large,50
