MSE,abs_error,abs_target_sum,abs_target_mean,seasonal_error,MASE,MAPE,sMAPE,MSIS,num_masked_target_values,QuantileLoss[0.1],Coverage[0.1],QuantileLoss[0.2],Coverage[0.2],QuantileLoss[0.3],Coverage[0.3],QuantileLoss[0.4],Coverage[0.4],QuantileLoss[0.5],Coverage[0.5],QuantileLoss[0.6],Coverage[0.6],QuantileLoss[0.7],Coverage[0.7],QuantileLoss[0.8],Coverage[0.8],QuantileLoss[0.9],Coverage[0.9],RMSE,NRMSE,ND,wQuantileLoss[0.1],wQuantileLoss[0.2],wQuantileLoss[0.3],wQuantileLoss[0.4],wQuantileLoss[0.5],wQuantileLoss[0.6],wQuantileLoss[0.7],wQuantileLoss[0.8],wQuantileLoss[0.9],mean_absolute_QuantileLoss,mean_wQuantileLoss,MAE_Coverage,OWA,context_length,rope_scaling,dataset,train_size,test_size,forecast_horizon
3.54035400390625,97.72796630859375,443.4000244140625,8.86800048828125,1.8546436548747975,1.0538732446173453,0.22390806198120117,0.2636377143859863,10.316679097595193,0.0,56.63625507354737,0.0,89.10186519622802,0.0,103.34456591606138,0.0,107.2268846511841,0.0,97.72796201705933,0.06,83.39365787506104,0.18,57.51790904998779,0.44,47.70267620086669,0.68,37.904166984558096,0.94,1.881582845347568,0.21217667362941775,0.22040586587187905,0.12773173647969502,0.20095142149343134,0.23307298201579393,0.24182877480189732,0.22040585619318218,0.18807770248831812,0.1297201305435102,0.10758383756046043,0.08548526138366166,75.61732699606152,0.17053974477332778,0.43999999999999995,,256,False,weather,large,large,50
