MSE,abs_error,abs_target_sum,abs_target_mean,seasonal_error,MASE,MAPE,sMAPE,MSIS,num_masked_target_values,QuantileLoss[0.1],Coverage[0.1],QuantileLoss[0.2],Coverage[0.2],QuantileLoss[0.3],Coverage[0.3],QuantileLoss[0.4],Coverage[0.4],QuantileLoss[0.5],Coverage[0.5],QuantileLoss[0.6],Coverage[0.6],QuantileLoss[0.7],Coverage[0.7],QuantileLoss[0.8],Coverage[0.8],QuantileLoss[0.9],Coverage[0.9],RMSE,NRMSE,ND,wQuantileLoss[0.1],wQuantileLoss[0.2],wQuantileLoss[0.3],wQuantileLoss[0.4],wQuantileLoss[0.5],wQuantileLoss[0.6],wQuantileLoss[0.7],wQuantileLoss[0.8],wQuantileLoss[0.9],mean_absolute_QuantileLoss,mean_wQuantileLoss,MAE_Coverage,OWA,context_length,rope_scaling,dataset,train_size,test_size,forecast_horizon
0.0718535327911377,10.833894729614258,10.978708267211914,0.2195741653442383,0.17788784132837487,1.2180590476237505,1.511400146484375,1.6388185119628906,7.173793275842233,0.0,3.7817565500736237,0.2,6.73423476666212,0.24,8.779379653558134,0.3,10.030547832138836,0.4,10.833894230425358,0.42,10.869701662659645,0.46,10.401106102764606,0.62,9.358667604625223,0.66,6.638839849829673,0.78,0.26805509282820517,1.2207952261048594,0.9868096014510064,0.3444627963535473,0.6133904465586374,0.79967328030547,0.9136364304437551,0.9868095559821873,0.9900710901593206,0.9473888775993505,0.8524379532494758,0.6047013626964362,8.603125361415247,0.7836190881497977,0.3111111111111111,,950,False,climate,large,large,50
