MSE,abs_error,abs_target_sum,abs_target_mean,seasonal_error,MASE,MAPE,sMAPE,MSIS,num_masked_target_values,QuantileLoss[0.1],Coverage[0.1],QuantileLoss[0.2],Coverage[0.2],QuantileLoss[0.3],Coverage[0.3],QuantileLoss[0.4],Coverage[0.4],QuantileLoss[0.5],Coverage[0.5],QuantileLoss[0.6],Coverage[0.6],QuantileLoss[0.7],Coverage[0.7],QuantileLoss[0.8],Coverage[0.8],QuantileLoss[0.9],Coverage[0.9],RMSE,NRMSE,ND,wQuantileLoss[0.1],wQuantileLoss[0.2],wQuantileLoss[0.3],wQuantileLoss[0.4],wQuantileLoss[0.5],wQuantileLoss[0.6],wQuantileLoss[0.7],wQuantileLoss[0.8],wQuantileLoss[0.9],mean_absolute_QuantileLoss,mean_wQuantileLoss,MAE_Coverage,OWA,context_length,rope_scaling,dataset,train_size,test_size,forecast_horizon
4.678805541992188,8.735130310058594,110.99999237060547,11.099999237060548,1.8587991465692935,0.4699340607176764,0.07547147274017334,0.07908408641815186,10.797371351478683,0.0,9.370353698730469,0.0,11.974278068542482,0.0,12.261792755126953,0.0,11.56123046875,0.0,8.735130310058594,0.0,5.051667785644531,0.1,2.9410755157470705,0.8,2.887068939208984,1.0,3.811930656433105,1.0,2.1630546784564157,0.19486980424597095,0.0786948730671426,0.08441760669176303,0.10787638641057652,0.11046660899027293,0.10415523660712966,0.0786948730671426,0.045510523719479924,0.02649617763871048,0.026009631870691236,0.03434171998594266,7.621614244249132,0.06866319610907878,0.5,,128,False,weather,large,small,10
