MSE,abs_error,abs_target_sum,abs_target_mean,seasonal_error,MASE,MAPE,sMAPE,MSIS,num_masked_target_values,QuantileLoss[0.1],Coverage[0.1],QuantileLoss[0.2],Coverage[0.2],QuantileLoss[0.3],Coverage[0.3],QuantileLoss[0.4],Coverage[0.4],QuantileLoss[0.5],Coverage[0.5],QuantileLoss[0.6],Coverage[0.6],QuantileLoss[0.7],Coverage[0.7],QuantileLoss[0.8],Coverage[0.8],QuantileLoss[0.9],Coverage[0.9],RMSE,NRMSE,ND,wQuantileLoss[0.1],wQuantileLoss[0.2],wQuantileLoss[0.3],wQuantileLoss[0.4],wQuantileLoss[0.5],wQuantileLoss[0.6],wQuantileLoss[0.7],wQuantileLoss[0.8],wQuantileLoss[0.9],mean_absolute_QuantileLoss,mean_wQuantileLoss,MAE_Coverage,OWA,context_length,rope_scaling,dataset,train_size,test_size,forecast_horizon
0.8943601608276367,6.957798004150391,110.99999237060547,11.099999237060548,1.8587991465692935,0.3743168279903777,0.06157262921333313,0.06061305403709412,9.924993932515294,0.0,8.283604621887207,0.0,10.489049911499023,0.0,9.52231979370117,0.0,5.621017074584961,0.2,6.957798004150391,0.6,9.170100402832032,0.8,13.368886184692386,1.0,14.581945037841791,1.0,11.275626373291013,1.0,0.9457061704502285,0.08519875995060575,0.06268286921065523,0.07462707379501438,0.09449595164365694,0.08578667070451826,0.05063979694536892,0.06268286921065523,0.08261352282092965,0.12044042435657568,0.13136888324420568,0.10158222656127835,9.918927489386665,0.08935971325357812,0.5,,256,False,weather,large,small,10
