MSE,abs_error,abs_target_sum,abs_target_mean,seasonal_error,MASE,MAPE,sMAPE,MSIS,num_masked_target_values,QuantileLoss[0.1],Coverage[0.1],QuantileLoss[0.2],Coverage[0.2],QuantileLoss[0.3],Coverage[0.3],QuantileLoss[0.4],Coverage[0.4],QuantileLoss[0.5],Coverage[0.5],QuantileLoss[0.6],Coverage[0.6],QuantileLoss[0.7],Coverage[0.7],QuantileLoss[0.8],Coverage[0.8],QuantileLoss[0.9],Coverage[0.9],RMSE,NRMSE,ND,wQuantileLoss[0.1],wQuantileLoss[0.2],wQuantileLoss[0.3],wQuantileLoss[0.4],wQuantileLoss[0.5],wQuantileLoss[0.6],wQuantileLoss[0.7],wQuantileLoss[0.8],wQuantileLoss[0.9],mean_absolute_QuantileLoss,mean_wQuantileLoss,MAE_Coverage,OWA,context_length,rope_scaling,dataset,train_size,test_size,forecast_horizon
11.394456481933593,26.116071701049805,110.99999237060547,11.099999237060548,1.8587991465692935,1.4049969707190326,0.2186758279800415,0.2550758123397827,7.292799894354384,0.0,10.587102890014648,0.0,17.13444766998291,0.0,22.062377071380617,0.0,25.454875946044925,0.0,26.116071701049805,0.0,21.891442108154298,0.0,16.305134201049803,0.0,10.044752502441407,0.2,3.142304229736328,0.8,3.375567579227765,0.30410520821996634,0.23527994140624597,0.09537931187118062,0.1543644040332419,0.1987601674576608,0.22932322248326364,0.23527994140624597,0.19722021272815415,0.14689311100680452,0.09049327200766019,0.028309049060515602,16.97094536887275,0.15289141022830305,0.32222222222222224,,64,False,weather,large,small,10
