MSE,abs_error,abs_target_sum,abs_target_mean,seasonal_error,MASE,MAPE,sMAPE,MSIS,num_masked_target_values,QuantileLoss[0.1],Coverage[0.1],QuantileLoss[0.2],Coverage[0.2],QuantileLoss[0.3],Coverage[0.3],QuantileLoss[0.4],Coverage[0.4],QuantileLoss[0.5],Coverage[0.5],QuantileLoss[0.6],Coverage[0.6],QuantileLoss[0.7],Coverage[0.7],QuantileLoss[0.8],Coverage[0.8],QuantileLoss[0.9],Coverage[0.9],RMSE,NRMSE,ND,wQuantileLoss[0.1],wQuantileLoss[0.2],wQuantileLoss[0.3],wQuantileLoss[0.4],wQuantileLoss[0.5],wQuantileLoss[0.6],wQuantileLoss[0.7],wQuantileLoss[0.8],wQuantileLoss[0.9],mean_absolute_QuantileLoss,mean_wQuantileLoss,MAE_Coverage,OWA,context_length,rope_scaling,dataset,train_size,test_size,forecast_horizon
0.0678785228729248,10.190475463867188,10.978708267211914,0.2195741653442383,0.17788784132837487,1.1457191663882096,1.466974334716797,1.4183566284179687,6.896046320077679,0.0,3.580757720768452,0.06,6.384461426734925,0.2,8.244677299261092,0.24,9.39503318965435,0.32,10.190475630108267,0.4,10.434165778756142,0.52,9.923883530497552,0.58,8.463976642489433,0.64,5.9153346173465255,0.76,0.26053507033204726,1.1865470144158003,0.9282035022554705,0.32615473820927016,0.5815312030653205,0.750969704139416,0.8557503269954596,0.9282035173976053,0.9504001313085205,0.9039208701933894,0.7709446718579118,0.5388006014343933,8.059196203957416,0.7340750849556985,0.30000000000000004,,64,False,climate,large,large,50
