MSE,abs_error,abs_target_sum,abs_target_mean,seasonal_error,MASE,MAPE,sMAPE,MSIS,num_masked_target_values,QuantileLoss[0.1],Coverage[0.1],QuantileLoss[0.2],Coverage[0.2],QuantileLoss[0.3],Coverage[0.3],QuantileLoss[0.4],Coverage[0.4],QuantileLoss[0.5],Coverage[0.5],QuantileLoss[0.6],Coverage[0.6],QuantileLoss[0.7],Coverage[0.7],QuantileLoss[0.8],Coverage[0.8],QuantileLoss[0.9],Coverage[0.9],RMSE,NRMSE,ND,wQuantileLoss[0.1],wQuantileLoss[0.2],wQuantileLoss[0.3],wQuantileLoss[0.4],wQuantileLoss[0.5],wQuantileLoss[0.6],wQuantileLoss[0.7],wQuantileLoss[0.8],wQuantileLoss[0.9],mean_absolute_QuantileLoss,mean_wQuantileLoss,MAE_Coverage,OWA,context_length,rope_scaling,dataset,train_size,test_size,forecast_horizon
0.07695026397705078,10.925106048583984,10.978708267211914,0.2195741653442383,0.17788784132837487,1.228313972107471,1.1245693206787108,1.6380294799804687,9.739049522196915,0.0,3.8130908161401753,0.1,6.960895481705666,0.26,9.203998130559922,0.28,10.371887344494462,0.34,10.925106012262404,0.38,11.199479966610673,0.44,10.42574466764927,0.52,9.428757818043232,0.66,6.846868434548378,0.72,0.2773991059413328,1.26335038325861,0.9951176206413997,0.3473168904148798,0.6340359277506709,0.8383498228154771,0.944727475405305,0.9951176173330342,1.0201090778646607,0.9496330910609878,0.8588221481576632,0.6236497289026851,8.797314296890466,0.8013068644117071,0.27777777777777785,,256,False,climate,large,large,50
