MSE,abs_error,abs_target_sum,abs_target_mean,seasonal_error,MASE,MAPE,sMAPE,MSIS,num_masked_target_values,QuantileLoss[0.1],Coverage[0.1],QuantileLoss[0.2],Coverage[0.2],QuantileLoss[0.3],Coverage[0.3],QuantileLoss[0.4],Coverage[0.4],QuantileLoss[0.5],Coverage[0.5],QuantileLoss[0.6],Coverage[0.6],QuantileLoss[0.7],Coverage[0.7],QuantileLoss[0.8],Coverage[0.8],QuantileLoss[0.9],Coverage[0.9],RMSE,NRMSE,ND,wQuantileLoss[0.1],wQuantileLoss[0.2],wQuantileLoss[0.3],wQuantileLoss[0.4],wQuantileLoss[0.5],wQuantileLoss[0.6],wQuantileLoss[0.7],wQuantileLoss[0.8],wQuantileLoss[0.9],mean_absolute_QuantileLoss,mean_wQuantileLoss,MAE_Coverage,OWA,context_length,rope_scaling,dataset,train_size,test_size,forecast_horizon
0.7661817073822021,16.889259338378906,110.99999237060547,11.099999237060548,1.8587991465692935,0.9086113133606013,0.15017725229263307,0.16296056509017945,10.120638656301976,0.0,10.247590637207033,0.0,16.394798278808594,0.0,18.748262214660645,0.0,19.893896484375,0.0,16.88925838470459,0.0,10.098298645019531,0.0,2.0782880783081055,0.8,7.03752098083496,1.0,9.104024124145505,1.0,0.8753180606969115,0.07885748836580185,0.1521554999930923,0.09232064271673548,0.14770089554663962,0.16890327480441772,0.17922430497070208,0.1521554914014312,0.09097566972170097,0.01872331730770883,0.0634010942751975,0.08201824099004526,12.276881980895999,0.11060254797050875,0.5,,512,False,weather,large,small,10
