MSE,abs_error,abs_target_sum,abs_target_mean,seasonal_error,MASE,MAPE,sMAPE,MSIS,num_masked_target_values,QuantileLoss[0.1],Coverage[0.1],QuantileLoss[0.2],Coverage[0.2],QuantileLoss[0.3],Coverage[0.3],QuantileLoss[0.4],Coverage[0.4],QuantileLoss[0.5],Coverage[0.5],QuantileLoss[0.6],Coverage[0.6],QuantileLoss[0.7],Coverage[0.7],QuantileLoss[0.8],Coverage[0.8],QuantileLoss[0.9],Coverage[0.9],RMSE,NRMSE,ND,wQuantileLoss[0.1],wQuantileLoss[0.2],wQuantileLoss[0.3],wQuantileLoss[0.4],wQuantileLoss[0.5],wQuantileLoss[0.6],wQuantileLoss[0.7],wQuantileLoss[0.8],wQuantileLoss[0.9],mean_absolute_QuantileLoss,mean_wQuantileLoss,MAE_Coverage,OWA,context_length,rope_scaling,dataset,train_size,test_size,forecast_horizon
0.09574907302856445,12.33677864074707,10.978708267211914,0.2195741653442383,0.17788784132837487,1.3870288771421762,1.6346554565429687,1.8148611450195313,10.504642756485488,0.0,3.961101676523686,0.04,6.8997042864561084,0.22,9.5486402310431,0.26,11.350556237995624,0.32,12.336778106167912,0.34,12.632254622876644,0.36,12.142427834123374,0.5,11.193204076588154,0.6,8.697961236536504,0.66,0.3094334710863782,1.4092435264470327,1.1237003789955011,0.36079851837884963,0.6284623034444029,0.8697416853274319,1.0338699200063672,1.1237003303031465,1.1506139261030437,1.1059978586357857,1.0195374359310407,0.79225725147585,9.862514256479011,0.8983310255117686,0.25333333333333335,,32,False,climate,large,large,50
