MSE,abs_error,abs_target_sum,abs_target_mean,seasonal_error,MASE,MAPE,sMAPE,MSIS,num_masked_target_values,QuantileLoss[0.1],Coverage[0.1],QuantileLoss[0.2],Coverage[0.2],QuantileLoss[0.3],Coverage[0.3],QuantileLoss[0.4],Coverage[0.4],QuantileLoss[0.5],Coverage[0.5],QuantileLoss[0.6],Coverage[0.6],QuantileLoss[0.7],Coverage[0.7],QuantileLoss[0.8],Coverage[0.8],QuantileLoss[0.9],Coverage[0.9],RMSE,NRMSE,ND,wQuantileLoss[0.1],wQuantileLoss[0.2],wQuantileLoss[0.3],wQuantileLoss[0.4],wQuantileLoss[0.5],wQuantileLoss[0.6],wQuantileLoss[0.7],wQuantileLoss[0.8],wQuantileLoss[0.9],mean_absolute_QuantileLoss,mean_wQuantileLoss,MAE_Coverage,OWA,context_length,rope_scaling,dataset,train_size,test_size,forecast_horizon
25.6532958984375,215.97061157226562,443.4000244140625,8.86800048828125,1.8546436548747975,2.328971508942997,0.5210163497924805,0.40178260803222654,10.646223008540586,0.0,96.0570342063904,0.74,171.15305747985843,0.94,207.28091907501215,0.98,217.32905502319335,1.0,215.97062969207764,1.0,199.3526138305664,1.0,177.11862001419067,1.0,144.6459127426147,1.0,96.08752765655517,1.0,5.0649082813450335,0.5711443394751873,0.48707848371831547,0.21663741298464378,0.38600146156065546,0.46748062170029553,0.4901421810032285,0.4870785245839244,0.4495999162246413,0.39945559373445383,0.3262199025220154,0.21670618485763832,169.44392996893987,0.3821468665746107,0.5,,128,False,weather,large,large,50
