MSE,abs_error,abs_target_sum,abs_target_mean,seasonal_error,MASE,MAPE,sMAPE,MSIS,num_masked_target_values,QuantileLoss[0.1],Coverage[0.1],QuantileLoss[0.2],Coverage[0.2],QuantileLoss[0.3],Coverage[0.3],QuantileLoss[0.4],Coverage[0.4],QuantileLoss[0.5],Coverage[0.5],QuantileLoss[0.6],Coverage[0.6],QuantileLoss[0.7],Coverage[0.7],QuantileLoss[0.8],Coverage[0.8],QuantileLoss[0.9],Coverage[0.9],RMSE,NRMSE,ND,wQuantileLoss[0.1],wQuantileLoss[0.2],wQuantileLoss[0.3],wQuantileLoss[0.4],wQuantileLoss[0.5],wQuantileLoss[0.6],wQuantileLoss[0.7],wQuantileLoss[0.8],wQuantileLoss[0.9],mean_absolute_QuantileLoss,mean_wQuantileLoss,MAE_Coverage,OWA,context_length,rope_scaling,dataset,train_size,test_size,forecast_horizon
0.8118614196777344,11.285469055175781,110.99999237060547,11.099999237060548,1.8587991465692935,0.6071376283986837,0.1050109624862671,0.11172991991043091,15.095393636993098,0.0,11.329981803894043,0.0,17.17399139404297,0.0,19.349163722991943,0.0,17.63592338562012,0.0,11.28546953201294,0.0,5.617492294311523,0.3,10.992881393432619,0.8,16.116376113891597,1.0,16.325764846801754,1.0,0.9010335286090826,0.08117419734595317,0.10167089937714581,0.10207191515892751,0.15472065382403496,0.174316802278591,0.15888220358373997,0.10167090367297636,0.050608042165948136,0.099034974315401,0.14519258758219036,0.1470789726930204,13.980782720777723,0.12595300614164776,0.5,,950,False,weather,large,small,10
