MSE,abs_error,abs_target_sum,abs_target_mean,seasonal_error,MASE,MAPE,sMAPE,MSIS,num_masked_target_values,QuantileLoss[0.1],Coverage[0.1],QuantileLoss[0.2],Coverage[0.2],QuantileLoss[0.3],Coverage[0.3],QuantileLoss[0.4],Coverage[0.4],QuantileLoss[0.5],Coverage[0.5],QuantileLoss[0.6],Coverage[0.6],QuantileLoss[0.7],Coverage[0.7],QuantileLoss[0.8],Coverage[0.8],QuantileLoss[0.9],Coverage[0.9],RMSE,NRMSE,ND,wQuantileLoss[0.1],wQuantileLoss[0.2],wQuantileLoss[0.3],wQuantileLoss[0.4],wQuantileLoss[0.5],wQuantileLoss[0.6],wQuantileLoss[0.7],wQuantileLoss[0.8],wQuantileLoss[0.9],mean_absolute_QuantileLoss,mean_wQuantileLoss,MAE_Coverage,OWA,context_length,rope_scaling,dataset,train_size,test_size,forecast_horizon
0.0861369514465332,11.253714561462402,10.978708267211914,0.2195741653442383,0.17788784132837487,1.2652595565189224,1.213402328491211,1.689046630859375,9.480821255429,0.0,3.9286048516631125,0.08,6.9070063829422,0.24,9.122169974446296,0.26,10.506089111045004,0.32,11.253714761696756,0.38,11.416545993089676,0.48,11.165455527603626,0.6,10.35217512100935,0.66,7.81535868793726,0.72,0.29349097336465596,1.3366370898167108,1.0250490574625977,0.35783853218834066,0.6291274178010616,0.8308964727380361,0.9569512965766296,1.0250490757010233,1.0398806230406332,1.017009948333306,0.942931979705325,0.7118650480291887,9.163013379048143,0.8346167104570604,0.27777777777777785,,128,False,climate,large,large,50
