MSE,abs_error,abs_target_sum,abs_target_mean,seasonal_error,MASE,MAPE,sMAPE,MSIS,num_masked_target_values,QuantileLoss[0.1],Coverage[0.1],QuantileLoss[0.2],Coverage[0.2],QuantileLoss[0.3],Coverage[0.3],QuantileLoss[0.4],Coverage[0.4],QuantileLoss[0.5],Coverage[0.5],QuantileLoss[0.6],Coverage[0.6],QuantileLoss[0.7],Coverage[0.7],QuantileLoss[0.8],Coverage[0.8],QuantileLoss[0.9],Coverage[0.9],RMSE,NRMSE,ND,wQuantileLoss[0.1],wQuantileLoss[0.2],wQuantileLoss[0.3],wQuantileLoss[0.4],wQuantileLoss[0.5],wQuantileLoss[0.6],wQuantileLoss[0.7],wQuantileLoss[0.8],wQuantileLoss[0.9],mean_absolute_QuantileLoss,mean_wQuantileLoss,MAE_Coverage,OWA,context_length,rope_scaling,dataset,train_size,test_size,forecast_horizon
0.1661475658416748,3.8951427936553955,4.846297740936279,0.48462977409362795,0.17811612556317102,2.1868557837420153,0.8220906257629395,1.464883041381836,12.600732937948242,0.0,1.3913829326629639,0.0,2.384968304634094,0.0,3.127461630105972,0.0,3.656796717643738,0.0,3.895142763853073,0.0,3.9516118347644804,0.0,3.6743228912353514,0.1,3.118039035797119,0.1,2.0887269258499144,0.3,0.4076120285782484,0.8410792121482406,0.8037357591039948,0.2871022390783105,0.49212170446905534,0.6453300637491916,0.7545546957949109,0.8037357529544918,0.8153877549424047,0.758171100425516,0.6433857766226988,0.43099434609776643,3.032050337394079,0.6256426037927052,0.26666666666666666,,128,False,climate,large,small,10
