MSE,abs_error,abs_target_sum,abs_target_mean,seasonal_error,MASE,MAPE,sMAPE,MSIS,num_masked_target_values,QuantileLoss[0.1],Coverage[0.1],QuantileLoss[0.2],Coverage[0.2],QuantileLoss[0.3],Coverage[0.3],QuantileLoss[0.4],Coverage[0.4],QuantileLoss[0.5],Coverage[0.5],QuantileLoss[0.6],Coverage[0.6],QuantileLoss[0.7],Coverage[0.7],QuantileLoss[0.8],Coverage[0.8],QuantileLoss[0.9],Coverage[0.9],RMSE,NRMSE,ND,wQuantileLoss[0.1],wQuantileLoss[0.2],wQuantileLoss[0.3],wQuantileLoss[0.4],wQuantileLoss[0.5],wQuantileLoss[0.6],wQuantileLoss[0.7],wQuantileLoss[0.8],wQuantileLoss[0.9],mean_absolute_QuantileLoss,mean_wQuantileLoss,MAE_Coverage,OWA,context_length,rope_scaling,dataset,train_size,test_size,forecast_horizon
0.09848992824554444,3.580169916152954,4.846297740936279,0.48462977409362795,0.17811612556317102,2.0100200949426132,0.7451245307922363,1.2533404350280761,8.798116964059531,0.0,1.2721239447593689,0.0,2.190869390964508,0.0,2.855483150482178,0.0,3.3087039470672615,0.0,3.5801700204610825,0.0,3.6341789245605467,0.0,3.131281042098999,0.1,2.1086838841438293,0.4,1.3191990852355957,0.6,0.3138310504802615,0.6475686539631198,0.738743285603679,0.26249397225718146,0.4520707368964177,0.5892091867080609,0.6827281615652523,0.7387433071269394,0.7498876707188119,0.6461181729816814,0.4351123263294266,0.2722076017105654,2.6000770433081524,0.5365079040327042,0.23333333333333328,,950,False,climate,large,small,10
