MSE,abs_error,abs_target_sum,abs_target_mean,seasonal_error,MASE,MAPE,sMAPE,MSIS,num_masked_target_values,QuantileLoss[0.1],Coverage[0.1],QuantileLoss[0.2],Coverage[0.2],QuantileLoss[0.3],Coverage[0.3],QuantileLoss[0.4],Coverage[0.4],QuantileLoss[0.5],Coverage[0.5],QuantileLoss[0.6],Coverage[0.6],QuantileLoss[0.7],Coverage[0.7],QuantileLoss[0.8],Coverage[0.8],QuantileLoss[0.9],Coverage[0.9],RMSE,NRMSE,ND,wQuantileLoss[0.1],wQuantileLoss[0.2],wQuantileLoss[0.3],wQuantileLoss[0.4],wQuantileLoss[0.5],wQuantileLoss[0.6],wQuantileLoss[0.7],wQuantileLoss[0.8],wQuantileLoss[0.9],mean_absolute_QuantileLoss,mean_wQuantileLoss,MAE_Coverage,OWA,context_length,rope_scaling,dataset,train_size,test_size,forecast_horizon
1.9978340148925782,7.79318904876709,110.99999237060547,11.099999237060548,1.8587991465692935,0.4192593408034777,0.06307685375213623,0.0672295331954956,3.196725369581201,0.0,6.660746002197267,0.0,8.968976974487306,0.0,9.97144374847412,0.0,9.325071716308594,0.0,7.79318904876709,0.0,5.525209426879883,0.2,4.611850738525391,0.7,4.310444259643555,0.8,2.223182678222656,0.9,1.4134475635454533,0.1273376270897615,0.07020891517494238,0.060006724864975186,0.08080159991850983,0.08983283273733553,0.0840096608761391,0.07020891517494238,0.049776664924736015,0.041548207707324855,0.038832833837068155,0.020028674153417234,6.5989016215006515,0.059449568243827584,0.4,,32,False,weather,large,small,10
