MSE,abs_error,abs_target_sum,abs_target_mean,seasonal_error,MASE,MAPE,sMAPE,MSIS,num_masked_target_values,QuantileLoss[0.1],Coverage[0.1],QuantileLoss[0.2],Coverage[0.2],QuantileLoss[0.3],Coverage[0.3],QuantileLoss[0.4],Coverage[0.4],QuantileLoss[0.5],Coverage[0.5],QuantileLoss[0.6],Coverage[0.6],QuantileLoss[0.7],Coverage[0.7],QuantileLoss[0.8],Coverage[0.8],QuantileLoss[0.9],Coverage[0.9],RMSE,NRMSE,ND,wQuantileLoss[0.1],wQuantileLoss[0.2],wQuantileLoss[0.3],wQuantileLoss[0.4],wQuantileLoss[0.5],wQuantileLoss[0.6],wQuantileLoss[0.7],wQuantileLoss[0.8],wQuantileLoss[0.9],mean_absolute_QuantileLoss,mean_wQuantileLoss,MAE_Coverage,OWA,context_length,rope_scaling,dataset,train_size,test_size,forecast_horizon
0.13290927410125733,3.5225627422332764,4.846297740936279,0.48462977409362795,0.17811612556317102,1.9776776140260006,0.7407101631164551,1.2577637672424316,6.987713860341765,0.0,1.1888140916824341,0.0,2.014708423614502,0.0,2.690664446353912,0.0,3.1323523759841914,0.0,3.5225626826286316,0.0,3.760291618108749,0.0,3.6533176362514497,0.0,3.0776428937911993,0.1,1.7186854720115663,0.5,0.3645672422218668,0.752259274419723,0.7268564439362605,0.24530356062125921,0.4157211404071246,0.5551999877403508,0.6463392353147162,0.7268564316372544,0.7759101522685811,0.7538368114266227,0.6350503122816005,0.3546388529730584,2.7510044044918485,0.567650720518952,0.2222222222222222,,32,False,climate,large,small,10
