MSE,abs_error,abs_target_sum,abs_target_mean,seasonal_error,MASE,MAPE,sMAPE,MSIS,num_masked_target_values,QuantileLoss[0.1],Coverage[0.1],QuantileLoss[0.2],Coverage[0.2],QuantileLoss[0.3],Coverage[0.3],QuantileLoss[0.4],Coverage[0.4],QuantileLoss[0.5],Coverage[0.5],QuantileLoss[0.6],Coverage[0.6],QuantileLoss[0.7],Coverage[0.7],QuantileLoss[0.8],Coverage[0.8],QuantileLoss[0.9],Coverage[0.9],RMSE,NRMSE,ND,wQuantileLoss[0.1],wQuantileLoss[0.2],wQuantileLoss[0.3],wQuantileLoss[0.4],wQuantileLoss[0.5],wQuantileLoss[0.6],wQuantileLoss[0.7],wQuantileLoss[0.8],wQuantileLoss[0.9],mean_absolute_QuantileLoss,mean_wQuantileLoss,MAE_Coverage,OWA,context_length,rope_scaling,dataset,train_size,test_size,forecast_horizon
0.1693754553794861,4.080192565917969,4.846297740936279,0.48462977409362795,0.17811612556317102,2.2907485512707715,0.8580324172973632,1.5302041053771973,13.623183780224121,0.0,1.2537800788879396,0.0,2.203870463371277,0.0,2.9967046558856967,0.0,3.6177913665771486,0.0,4.0801922380924225,0.0,4.400744318962097,0.0,4.39722253382206,0.0,3.9274251461029057,0.1,2.888021370768547,0.1,0.4115524940751618,0.8492100900008921,0.8419194989719507,0.25870884248348225,0.4547534182135291,0.6183492670235216,0.7465062115391635,0.841919431327418,0.9080631348316409,0.9073364388405363,0.8103969991212607,0.59592322328314,3.3073057969411215,0.6824396629626324,0.4000000000000001,,256,False,climate,large,small,10
