MSE,abs_error,abs_target_sum,abs_target_mean,seasonal_error,MASE,MAPE,sMAPE,MSIS,num_masked_target_values,QuantileLoss[0.1],Coverage[0.1],QuantileLoss[0.2],Coverage[0.2],QuantileLoss[0.3],Coverage[0.3],QuantileLoss[0.4],Coverage[0.4],QuantileLoss[0.5],Coverage[0.5],QuantileLoss[0.6],Coverage[0.6],QuantileLoss[0.7],Coverage[0.7],QuantileLoss[0.8],Coverage[0.8],QuantileLoss[0.9],Coverage[0.9],RMSE,NRMSE,ND,wQuantileLoss[0.1],wQuantileLoss[0.2],wQuantileLoss[0.3],wQuantileLoss[0.4],wQuantileLoss[0.5],wQuantileLoss[0.6],wQuantileLoss[0.7],wQuantileLoss[0.8],wQuantileLoss[0.9],mean_absolute_QuantileLoss,mean_wQuantileLoss,MAE_Coverage,OWA,context_length,rope_scaling,dataset,train_size,test_size,forecast_horizon
0.13622517585754396,3.753058910369873,4.846297740936279,0.48462977409362795,0.17811612556317102,2.107085418854345,0.7770179748535156,1.3183535575866698,7.130595713359211,0.0,1.3212190628051759,0.0,2.202448666095734,0.0,2.947116404771805,0.0,3.48559365272522,0.0,3.7530588507652283,0.0,3.856056421995163,0.0,3.35684865117073,0.0,2.7375663757324222,0.1,1.1996415615081788,0.5,0.36908694891250754,0.7615853763891978,0.7744177330806756,0.2726244101027774,0.4544600401852802,0.6081170745820577,0.719228128161152,0.7744177207816697,0.7956705568094529,0.692662488071194,0.5648778762824297,0.24753773408821025,2.7621721830632953,0.5699551143404693,0.2222222222222222,,512,False,climate,large,small,10
