Source,MAE,MAE_std,RMSE,RMSE_std,MAPE,MAPE_std
train_100_test_250_horizon_50_results_weather,3.1063653680398007,0.936707638916507,3.343919706282019,0.9859505344823162,105092172396520.53,185737805283916.03
