Source,MAE,MAE_std,RMSE,RMSE_std,MAPE,MAPE_std
train_1000_test_250_horizon_50_results_weather,4.02986262533306,1.4886042294502524,4.611238442075888,1.5208336707099774,52958220122695.78,92080858019450.19
