Source,MAE,MAE_std,RMSE,RMSE_std,MAPE,MAPE_std
train_100_test_50_horizon_10_results_weather,1.4354065331707315,0.8924037506229986,1.6585011834509689,0.9818649829092895,2.6602054008385627,2.9779351137318457
