Source,MAE,MAE_std,RMSE,RMSE_std,MAPE,MAPE_std
train_1000_test_50_horizon_10_weather_results_weather,1.0204292115932558,0.4584329407252713,1.1639700339087968,0.4974039014352929,0.10173333247743287,0.053801790139951025
