Source,MAE,MAE_std,RMSE,RMSE_std,MAPE,MAPE_std
train_100_test_50_horizon_10_model_timegpt-1_weather_results_weather,0.7716780018461188,0.40938285854280854,0.9270671346808609,0.5290248435369787,1.2883398691746495,1.5529569526760763
